source_page,section,subsection,row_type,manager_fund_manager_strategy_label_raw,manager_fund_manager_strategy_label,manager_name_guess,product_name,flags,is_nav_stitched,is_fee_deducted,is_subscription_paused,fifty_underlying_start_date,return_1w_pct,return_mtd_pct,return_ytd_pct,return_2025_pct,return_2024_pct,return_2023_pct,return_2022_pct,return_2021_pct,return_2020_pct,return_2019_pct,sharpe_1y,max_drawdown_1y_pct,max_drawdown_hist_pct,extraction_quality_notes
2,主观选股,,index_or_benchmark,中证800指数,中证800指数,中证800指数,,,False,False,False,-,4.41,1.75,9.26,20.89,12.20,-10.37,-21.32,-0.76,25.79,33.71,2.12,-7.89,-70.83,
2,主观选股,,index_or_benchmark,恒生指数,恒生指数,恒生指数,,,False,False,False,-,-3.21,-4.99,-6.66,27.77,17.67,-13.82,-15.46,-14.08,-3.40,9.07,0.11,-12.64,-91.14,
2,主观选股,,product,聚鸣-刘晓龙,聚鸣-刘晓龙,聚鸣,聚鸣金选高山8号B[1],[1],True,False,False,2020-11-06,14.93,18.08,84.72,53.65,7.73,-12.68,-16.73,12.94,86.63,65.36,3.77,-9.38,-47.40,
2,主观选股,,product,成长 勤辰-崔莹,勤辰-崔莹,勤辰,勤辰金选创赢成长1号B,,False,False,False,2022-08-19,18.01,21.61,79.19,39.12,18.03,-0.55,-,26.50,81.00,65.53,3.57,-7.75,-29.50,
2,主观选股,,product,成长 希瓦-梁宏-全球,希瓦-梁宏-全球,希瓦,希瓦小牛精选FB[1],[1],True,False,False,2020-11-06,7.30,3.19,57.65,14.33,15.29,-2.54,-3.63,-4.84,79.81,57.88,1.74,-21.11,-45.40,
2,主观选股,,product,成长 合远-管华雨(100万起),合远-管华雨(100万起),合远,合远金选雨鸿B[1],[1],True,False,False,2022-07-15,9.52,5.91,36.25,24.22,0.53,-12.02,-,7.35,95.22,60.61,2.48,-11.55,-41.28,
2,主观选股,,product,"浑瑾-李岳,丁尧-全球,大中华-全部","浑瑾-李岳,丁尧-全球,大中华-全部",浑瑾,浑瑾岳桐金选1号B[1],[1],True,False,False,2026-04-17,5.69,4.51,35.54,39.20,25.09,-6.60,-12.69,-,-,-,3.58,-5.96,-22.65,
2,主观选股,,product,盘京-庄涛-全球,盘京-庄涛-全球,盘京,盘京金选盛信1号A[1],[1],True,False,False,2019-08-30,13.76,5.70,34.77,56.31,14.14,-10.85,-30.07,20.40,78.26,71.92,2.35,-14.57,-41.63,
2,主观选股,,product,成长 睿扬投资-王伟,睿扬投资-王伟,睿扬投资,睿扬优选B,,False,False,False,2024-05-24,11.30,8.57,29.69,49.52,-,-,-,-,-,-,2.47,-9.64,-9.64,
2,主观选股,,product,景林-高云程-全球,景林-高云程-全球,景林,景林春晓优选,,False,False,False,2025-09-12,9.35,6.68,29.42,48.36,27.59,-14.18,-21.38,-6.71,58.20,68.71,2.58,-10.76,-53.78,
2,主观选股,,product,成长 慎知-余海丰,慎知-余海丰,慎知,慎知资产慎知3号金选B[1],[1],True,False,False,2021-02-05,8.26,4.55,27.43,19.32,20.81,-13.08,1.33,10.43,-1.90,44.92,2.33,-6.66,-29.33,
2,主观选股,,product,成长 开思私募-陈京伟-中国香港,开思私募-陈京伟-中国香港,开思私募,开思金选港股通1号B[1],[1],True,False,False,2023-03-31,2.81,0.09,26.12,47.05,28.17,-4.56,11.97,13.15,32.14,31.76,1.85,-10.80,-22.19,
2,主观选股,,product,嘉实基金-邵健,嘉实基金-邵健,嘉实基金,嘉实睿远进取增长2号[1],[1],True,False,False,2019-11-29,9.44,7.50,21.70,26.16,-1.51,-7.22,-18.38,2.94,65.31,43.60,1.78,-11.87,-49.22,
2,主观选股,,product,成长 白犀-李海-全球,白犀-李海-全球,白犀,白犀金选辛巴达之影10号[1][3],[1];[3],True,False,True,2022-04-08,11.09,7.27,21.40,22.91,-0.31,9.01,-21.92,45.52,89.14,108.02,1.51,-14.71,-24.06,
2,主观选股,,product,成长 名禹资产-陈美风,名禹资产-陈美风,名禹资产,名禹沐风1期[1],[1],True,False,False,-,5.99,1.73,14.78,27.97,-2.06,-0.42,-7.37,37.24,55.99,33.53,1.71,-15.38,-22.03,
2,主观选股,,product,淡水泉-赵军-平衡,淡水泉-赵军-平衡,淡水泉,淡水泉专项10期_20200930[2],[2],False,True,False,2024-05-17,6.10,1.21,14.32,54.42,18.82,-18.94,-21.14,2.34,49.19,35.12,2.32,-12.22,-49.90,
2,主观选股,,product,成长 远信-周伟锋,远信-周伟锋,远信,远信中国价值成长金选1号B[1],[1],True,False,False,2022-07-15,2.17,3.97,8.20,28.26,-1.85,-5.84,0.27,50.94,-,39.46,1.18,-12.60,-46.87,
2,主观选股,,product,"博道基金-王旭冉-大中华-混合,仓位成长 择时","博道基金-王旭冉-大中华-混合,仓位 择时",博道基金,博道金选1号[1],[1],True,False,False,2025-09-19,6.11,4.65,8.13,31.05,-,-,-,-,-,-,1.10,-6.90,-7.53,product_line_not_found_for_manager_backfill
2,主观选股,,product,成长 睿郡-董承非(可追加申购),睿郡-董承非(可追加申购),睿郡,睿郡有孚5号B,,False,False,False,2022-06-24,2.14,-0.38,7.29,20.13,18.99,-0.29,-,-,48.00,42.67,1.02,-10.21,-27.11,
3,主观选股,,product,成长 睿郡-薛大威-可转债,睿郡-薛大威-可转债,睿郡,睿郡金选灵活策略1号B[1],[1],True,False,False,2022-10-28,0.88,0.40,6.82,21.00,0.62,-3.08,-2.02,-,-,-,1.58,-7.78,-26.09,
3,主观选股,,product,华夏未来-巩怀志,华夏未来-巩怀志,华夏未来,华夏未来泽时进取12号A[1],[1],True,False,False,2018-07-13,-0.86,-6.44,5.18,19.07,11.39,-21.79,-23.14,16.69,65.27,41.25,0.88,-15.00,-53.83,
3,主观选股,,product,阳光-张学鹏-大中华-混合(100万 成长 起),阳光-张学鹏-大中华-混合(100万 起),阳光,阳光资产-乾鑫金选1号[1],[1],True,False,False,2022-07-08,-0.92,-1.95,4.04,29.96,4.16,-12.97,0.87,5.13,44.30,42.54,1.66,-8.29,-28.16,product_line_not_found_for_manager_backfill
3,主观选股,,product,拾贝-胡建平,拾贝-胡建平,拾贝,拾贝金选A[1],[1],True,False,False,2019-11-22,4.44,2.59,-0.02,34.71,1.37,-3.26,-6.72,10.77,34.72,27.27,1.09,-9.13,-32.24,
3,主观选股,,product,"泰康-王琦-大中华-混合,红利","泰康-王琦-大中华-混合,红利",泰康,泰康资产悦泰红利价值资产管理产品,,False,False,False,2023-10-10,-5.48,-5.24,-5.31,35.63,31.39,-,-,-,-,-,1.40,-10.32,-12.13,
3,主观选股,,product,成长 华泰-黄俊岭,华泰-黄俊岭,华泰,华泰资产德林2号资产管理产品[1],[1],True,False,False,2026-04-08,-1.94,-3.45,-6.28,31.48,-,-,1.17,49.42,23.87,-,1.09,-14.29,-17.11,
3,主观选股,,product,和谐汇一-林鹏,和谐汇一-林鹏,和谐汇一,和谐汇一远景同辉1号[1],[1],True,False,False,2021-06-04,-2.56,-8.73,-7.70,25.53,2.69,-11.61,-18.92,-7.78,-,45.03,0.70,-16.25,-53.13,
3,主观选股,,product,静瑞-余小波-大中华-全部(可追加申成长 购),静瑞-余小波-大中华-全部(可追加申 购),静瑞,静瑞金选价值灵动1号B[1],[1],True,False,False,2023-04-14,-2.22,-2.95,-7.82,34.91,24.54,5.00,1.49,-,40.12,27.06,0.85,-13.21,-31.32,product_line_not_found_for_manager_backfill
3,主观选股,,product,"睿璞-蔡海洪,郑劼","睿璞-蔡海洪,郑劼",睿璞,睿璞投资-金选睿杰B[1],[1],True,False,False,2020-06-19,-5.32,-2.13,-10.17,14.69,27.38,-0.47,-14.23,-9.06,47.39,42.98,-0.18,-16.31,-41.30,
3,主观选股,,product,成长 远信-黄垲锐,远信-黄垲锐,远信,远信中国优质企业逆向策略金选1号B[1],[1],True,False,False,2022-07-22,-6.33,-8.52,-10.33,33.74,18.31,-17.14,-4.26,60.70,-,47.23,0.83,-19.56,-32.39,
3,主观选股,,product,宁泉-余璟钰-可转债(可追加申购),宁泉-余璟钰-可转债(可追加申购),宁泉,宁泉致远20号[1],[1],True,False,False,2021-05-21,-3.83,-5.13,-10.64,8.01,20.65,3.66,4.05,14.81,39.20,37.22,-0.51,-16.24,-16.24,
3,主观选股,,product,成长 仁桥-夏俊杰-大中华-混合,仁桥-夏俊杰-大中华-混合,仁桥,仁桥金选泽源5B[1],[1],True,False,False,2020-05-22,-3.54,-5.49,-10.86,16.83,19.10,-4.01,0.80,37.20,34.24,31.52,0.00,-16.87,-32.97,
3,主观选股,,product,宽远资产-徐京德,宽远资产-徐京德,宽远资产,宽远金选安享1号B[1],[1],True,False,False,2024-05-10,-3.82,-3.08,-11.84,19.22,6.21,-6.11,-1.95,4.02,43.92,25.69,-0.10,-15.27,-17.23,
3,主观选股,,product,明河-张翎,明河-张翎,明河,明河土木金选1号B[1],[1],True,False,False,2022-07-22,-4.52,-6.00,-12.67,-3.64,1.01,-3.47,6.56,0.97,33.51,30.37,-1.09,-19.32,-23.66,
3,主观选股,,product,成长 上海信璞私募-归江-中国香港,上海信璞私募-归江-中国香港,上海信璞私募,信璞投资-金选价值M2B[1],[1],True,False,False,2025-06-27,-6.44,-5.19,-12.86,25.95,27.25,0.76,18.36,7.31,-1.61,34.70,-0.34,-18.48,-27.95,
3,主观选股,,product,成长 勤辰-林森,勤辰-林森,勤辰,勤辰金选森裕1号B,,False,False,False,2022-10-14,-2.47,-4.85,-14.99,25.50,16.65,1.63,-,27.74,84.36,92.19,0.07,-18.47,-31.46,
3,主观选股,,product,成长 毕盛-王康宁-中国香港,毕盛-王康宁-中国香港,毕盛,毕盛金选大中华1号B,,False,False,False,2023-04-28,-4.65,-3.48,-16.28,15.29,19.01,-9.23,11.41,51.54,15.25,-,-0.65,-23.02,-25.14,
3,主观选股,,product,成长 佳岳-薛松,佳岳-薛松,佳岳,佳岳金选实投1号B[1],[1],True,False,False,2022-07-29,-5.81,-8.86,-16.33,-0.08,18.37,-2.09,-1.90,34.79,-,-,-1.10,-19.85,-25.60,
3,主观选股,,product,成长 奇盛基金-付伟琦,奇盛基金-付伟琦,奇盛基金,奇盛金选1号B[1],[1],True,False,False,2023-08-25,-2.05,-2.31,-18.26,8.48,4.17,7.13,10.86,-,-,57.36,-0.81,-26.92,-30.51,
3,主观选股,,product,成长 华安合鑫-袁巍,华安合鑫-袁巍,华安合鑫,华安合鑫金选远行十七1号B[1],[1],True,False,False,2024-08-02,-5.60,-4.45,-27.23,11.46,30.10,3.73,-6.40,133.07,134.95,48.12,-0.80,-34.54,-38.34,
4,主观选股,,product,成长 瓴仁-鲍无可-大中华-混合,瓴仁-鲍无可-大中华-混合,瓴仁,景顺长城能源基建C,,False,False,False,2024-01-05,-,-,-,-1.21,11.40,15.93,1.09,18.44,14.08,14.81,-,-,-,
4,主观选股-全球配置工具,,product,"野村海外投资-JSV团队-日本,价值, QDLP","野村海外投资-JSV团队-日本,价值, QDLP",野村海外投资,外贸信托-野村金选日本策略价值股票1期[1],[1],True,False,False,2024-11-08,3.91,2.46,11.73,29.57,26.31,41.06,6.07,20.37,-1.35,23.03,2.01,-9.70,-33.22,product_line_not_found_for_manager_backfill
4,主观选股-全球配置工具,,product,"安本思远私募-Andrew Paisley,Ab by Glennie-全球,QDLP","安本思远私募-Andrew Paisley,Ab by Glennie-全球,QDLP",安本思远私募,外贸信托-安本思远全球小盘金选1期[1],[1],True,False,False,2023-07-31,-0.21,-1.43,-6.11,0.81,8.84,11.10,-38.98,16.92,34.96,21.46,-0.83,-15.81,-46.32,product_line_not_found_for_manager_backfill
5,量化选股,,index_or_benchmark,沪深300,沪深300,沪深300,,,False,False,False,-,3.44,1.01,6.73,17.66,14.68,-11.38,-21.63,-5.20,27.21,36.07,2.05,-6.68,-71.00,
5,量化选股,,index_or_benchmark,中证500指数,中证500指数,中证500指数,,,False,False,False,-,6.99,3.75,16.17,30.39,5.46,-7.42,-20.31,15.58,20.87,26.38,2.06,-12.98,-70.96,
5,量化选股,,index_or_benchmark,中证1000指数,中证1000指数,中证1000指数,,,False,False,False,-,6.93,4.31,15.48,27.49,1.20,-6.28,-21.58,20.52,19.39,25.67,1.88,-11.96,-71.74,
5,量化选股,,index_or_benchmark,中证A500指数,中证A500指数,中证A500指数,,,False,False,False,-,4.86,1.96,10.22,22.43,12.98,-11.42,-22.56,0.61,31.29,36.00,2.23,-7.77,-70.11,
5,量化选股,,index_or_benchmark,中证2000指数,中证2000指数,中证2000指数,,,False,False,False,-,5.89,2.62,11.19,36.42,-2.14,5.57,-14.77,25.89,15.39,21.96,1.66,-12.31,-67.23,
5,量化选股,,index_or_benchmark,中证全指指数,中证全指指数,中证全指指数,,,False,False,False,-,4.89,2.05,9.80,24.60,7.43,-7.04,-20.32,6.19,24.92,31.11,1.98,-9.49,-70.58,
5,量化选股,,index_or_benchmark,万得小市值指数,万得小市值指数,万得小市值指数,,,False,False,False,-,0.61,-2.95,-1.01,45.55,3.24,16.17,-8.01,30.15,15.21,27.09,1.15,-12.38,-59.72,
5,量化选股,,index_or_benchmark,中证红利全收益指数,中证红利全收益指数,中证红利全收益指数,,,False,False,False,-,-5.56,-4.07,-1.79,3.76,18.76,6.34,-0.37,18.19,8.18,20.88,0.21,-9.49,-70.34,
5,量化选股,沪深300指增,product,成长 佳期,佳期,佳期,佳期北斗星一期[3],[3],False,False,True,2019-06-06,7.61,7.04,27.82,47.66,29.44,-1.35,1.48,19.66,64.53,-,3.64,-5.98,-22.47,
5,量化选股,沪深300指增,product,诚奇,诚奇,诚奇,诚奇沪深300增强精选1期,,False,False,False,-,4.83,4.80,20.64,34.14,28.13,-7.47,-13.47,-,-,-,3.61,-4.42,-27.36,
5,量化选股,沪深300指增,product,成长 知行通达,知行通达,知行通达,知行通达汇智7号金选沪深300指数增强B[1],[1],True,False,False,2023-08-11,4.71,3.75,19.18,28.90,24.86,-6.69,-,-,-,-,3.49,-4.94,-18.35,product_line_not_found_for_manager_backfill
5,量化选股,沪深300指增,product,成长 平方和,平方和,平方和,平方和鼎盛沪深300指数增强30号,,False,False,False,-,4.99,3.30,17.60,39.61,-,-,-,-,-,-,3.39,-4.28,-5.78,
5,量化选股,沪深300指增,product,衍复,衍复,衍复,衍复金选沪深300指数增强一号B[1],[1],True,False,False,2021-08-06,4.11,2.80,16.50,29.41,21.78,2.77,-9.08,-,-,-,3.22,-3.98,-18.85,
5,量化选股,沪深300指增,product,世纪前沿,世纪前沿,世纪前沿,世纪前沿金选沪深300指数增强1号B[1],[1],True,False,False,2022-01-14,3.54,2.76,15.82,34.96,27.63,-3.14,-13.70,-,-,-,3.14,-5.90,-28.05,
5,量化选股,沪深300指增,product,成长 量派,量派,量派,量派金选沪深300指数增强22号B[1],[1],True,False,False,2021-11-12,3.75,1.92,15.20,24.34,25.26,-5.49,-14.86,8.98,-,-,2.85,-6.12,-28.38,
5,量化选股,沪深300指增,product,顽岩,顽岩,顽岩,顽岩沪深300指数增强专享2号,,False,False,False,-,4.31,1.11,14.95,-,-,-,-,-,-,-,-,-,-5.95,
5,量化选股,沪深300指增,product,宽德,宽德,宽德,宽德金选沪深300指数增强6号B[1][3],[1];[3],True,False,True,2024-08-02,3.59,3.30,10.36,30.88,25.88,-,-,-,-,-,2.86,-4.87,-10.80,
6,量化选股,中证500指增,product,成长 平方和,平方和,平方和,平方和鼎盛金选中证500指数增强152号B[1],[1],True,False,False,2026-05-22,9.38,6.19,33.00,56.62,27.50,8.17,-,-,-,-,2.93,-10.26,-17.49,product_line_not_found_for_manager_backfill
6,量化选股,中证500指增,product,成长 知行通达,知行通达,知行通达,知行通达汇智23号[1],[1],True,False,False,-,8.39,6.99,30.84,-,-,-2.08,-,-,-,-,2.70,-11.06,-22.70,
6,量化选股,中证500指增,product,衍复(可追加申购),衍复(可追加申购),衍复(可追加申购),衍复金选指数增强1号B[1],[1],True,False,False,2020-10-16,7.48,5.85,28.14,48.88,23.55,10.97,-2.42,27.30,-,-,3.01,-9.41,-18.33,
6,量化选股,中证500指增,product,诚奇,诚奇,诚奇,诚奇金选500指数增强1号B[1],[1],True,False,False,2021-02-26,7.51,6.77,27.17,50.92,20.24,2.07,-8.16,44.32,-,-,3.05,-8.32,-22.21,
6,量化选股,中证500指增,product,成长 茂源,茂源,茂源,凡二金选中证500指数增强1号B[1],[1],True,False,False,2021-06-25,6.95,5.00,25.98,46.10,13.20,7.06,-15.25,48.79,-,-,2.96,-9.68,-26.76,
6,量化选股,中证500指增,product,成长 量派,量派,量派,量派金选中证500指数增强14号B[1],[1],True,False,False,2021-12-03,8.03,4.63,25.81,40.00,22.08,4.18,-12.79,32.94,-,-,2.67,-11.25,-26.15,
6,量化选股,中证500指增,product,成长 顽岩,顽岩,顽岩,顽岩金选中证500指数增强1号B类[1],[1],True,False,False,2022-12-30,8.92,5.12,24.64,57.27,8.80,7.60,3.33,-,-,-,2.57,-11.82,-26.72,
6,量化选股,中证500指增,product,九坤,九坤,九坤,九坤金选中证500指数增强1号C[1],[1],True,False,False,2021-11-11,7.17,5.11,23.75,48.97,9.03,10.08,-12.05,33.76,59.89,40.99,2.68,-10.12,-31.33,
6,量化选股,中证500指增,product,成长 乾象,乾象,乾象,乾象金选指数增强5号B[1],[1],True,False,False,2022-10-14,5.34,4.58,22.59,42.40,20.98,8.99,0.09,-,-,-,2.93,-8.00,-18.79,
6,量化选股,中证500指增,product,世纪前沿,世纪前沿,世纪前沿,世纪前沿金选专享指数增强1号B[1],[1],True,False,False,2020-10-09,5.91,4.11,22.39,55.52,17.83,6.32,-9.99,45.02,45.44,-,2.84,-9.83,-28.08,
6,量化选股,中证500指增,product,成长 因诺,因诺,因诺,因诺金选中证500指数增强1号B[1],[1],True,False,False,2020-10-09,6.99,6.10,21.37,43.73,8.05,9.69,-8.86,29.24,63.89,-,2.40,-10.68,-31.13,
6,量化选股,中证500指增,product,成长 正定,正定,正定,正定金选中证500指数增强1号B[1],[1],True,False,False,2025-03-21,8.38,5.76,20.60,50.79,57.84,-,-,-,-,-,2.49,-10.81,-18.43,
6,量化选股,中证500指增,product,宽德,宽德,宽德,宽德金选中证500指数增强6号[3],[3],False,False,True,2019-12-27,7.74,6.39,14.06,51.46,28.13,15.80,-2.22,39.97,46.48,-,2.31,-10.36,-21.70,
6,量化选股,中证1000指增,product,成长 平方和,平方和,平方和,平方和鼎盛金选中证1000指数增强153号B[1],[1],True,False,False,2026-05-22,8.99,6.45,30.68,67.08,30.92,13.18,-,-,-,-,2.95,-9.89,-24.72,product_line_not_found_for_manager_backfill
6,量化选股,中证1000指增,product,成长 佳期,佳期,佳期,佳期金选千星指数增强1号B[1][3],[1];[3],True,False,True,2021-09-24,8.92,6.86,28.37,63.61,5.88,9.42,1.85,61.82,-,-,2.90,-10.54,-29.15,
6,量化选股,中证1000指增,product,成长 知行通达,知行通达,知行通达,三亚知行通达汇智1号,,False,False,False,2022-01-21,7.30,6.51,27.20,43.91,24.35,0.54,-,-,-,-,2.84,-10.37,-27.22,
6,量化选股,中证1000指增,product,诚奇,诚奇,诚奇,诚奇金选中证1000指数增强1号B[1],[1],True,False,False,2026-05-08,7.24,6.80,26.51,56.91,16.58,-,-,-,-,-,2.93,-9.66,-24.85,
6,量化选股,中证1000指增,product,成长 顽岩,顽岩,顽岩,顽岩金选中证1000指数增强1号B,,False,False,False,2024-04-30,9.72,6.28,26.20,72.49,-,-,-,-,-,-,2.56,-12.24,-14.34,
6,量化选股,中证1000指增,product,衍复(可追加申购),衍复(可追加申购),衍复(可追加申购),衍复金选中证1000指数增强一号B[1],[1],True,False,False,2021-01-22,7.75,5.37,26.18,55.94,17.75,12.58,-4.73,50.12,-,-,2.84,-9.86,-22.41,
7,量化选股,中证1000指增,product,九坤,九坤,九坤,九坤千乘中证1000指数增强专享1号[1][3],[1];[3],True,False,True,2025-01-06,7.46,5.17,26.13,62.00,8.17,17.04,10.96,68.80,59.98,50.47,2.81,-10.08,-30.14,product_line_not_found_for_manager_backfill
7,量化选股,中证1000指增,product,世纪前沿,世纪前沿,世纪前沿,世纪前沿金选中证1000指数增强1号B[1],[1],True,False,False,2023-08-04,7.17,5.13,23.97,66.31,17.71,9.51,-,-,-,-,2.78,-10.07,-25.48,product_line_not_found_for_manager_backfill
7,量化选股,中证1000指增,product,成长 量派,量派,量派,量派金选中证1000指数增强26号B类[1],[1],True,False,False,2024-07-05,7.63,4.12,23.59,47.64,25.71,7.57,-16.37,-,-,-,2.52,-11.32,-29.41,
7,量化选股,中证1000指增,product,成长 正定,正定,正定,正定金选中证1000指数增强1号B[1],[1],True,False,False,2025-05-23,8.31,5.78,22.81,51.00,36.12,-,-,-,-,-,2.52,-8.67,-23.60,
7,量化选股,中证1000指增,product,成长 倍漾量化,倍漾量化,倍漾量化,倍漾金选中证1000指数增强1号B[1],[1],True,False,False,2024-05-17,6.59,3.73,20.28,61.38,12.16,-,-,-,-,-,2.64,-11.12,-26.29,
7,量化选股,中证1000指增,product,成长 乾象,乾象,乾象,乾象金选中证1000指数增强10号B[1],[1],True,False,False,2025-01-24,5.19,3.98,18.95,47.62,22.21,-,-,-,-,-,2.71,-8.69,-19.87,
7,量化选股,中证1000指增,product,成长 量锐,量锐,量锐,量锐金选中证1000指数增强1号B[1],[1],True,False,False,2021-08-13,6.68,3.08,17.84,55.12,8.75,7.14,0.18,46.73,-,-,2.08,-11.07,-33.10,
7,量化选股,中证1000指增,product,成长 因诺,因诺,因诺,因诺金选中证1000指数增强1号B[1],[1],True,False,False,2021-04-09,6.41,4.91,16.22,46.34,4.91,5.93,-11.13,30.61,59.87,-,2.03,-11.70,-33.15,
7,量化选股,中证1000指增,product,成长 茂源,茂源,茂源,凡二金选中证1000指数增强1号B[1],[1],True,False,False,2022-04-29,5.61,2.90,15.43,57.34,14.81,15.86,-8.95,-,-,-,2.40,-10.50,-23.09,
7,量化选股,中证1000指增,product,宽德,宽德,宽德,宽德金选中证1000指数增强10号B[1][3],[1];[3],True,False,True,2022-10-28,7.98,6.33,10.01,58.14,19.57,11.47,-,-,-,-,1.98,-11.59,-26.47,
7,量化选股,中证A500指增,product,成长 平方和-中证A500,平方和-中证A500,平方和,平方和鼎盛中证A500指数增强11号,,False,False,False,-,7.32,5.47,29.08,-,-,-,-,-,-,-,3.75,-5.54,-6.40,
7,量化选股,中证A500指增,product,诚奇-中证A500,诚奇-中证A500,诚奇,诚奇金选中证A500指数增强1期[1],[1],True,False,False,2026-06-05,6.17,5.87,22.90,-,-,-,-,-,-,-,3.48,-4.97,-4.97,
7,量化选股,中证A500指增,product,世纪前沿-中证A500指增,世纪前沿-中证A500指增,世纪前沿,世纪前沿金选中证A500指数增强1号B[1],[1],True,False,False,2025-02-28,6.27,4.96,22.78,36.63,-,-,-,-,-,-,3.10,-7.04,-7.04,product_line_not_found_for_manager_backfill
7,量化选股,中证A500指增,product,成长 知行通达-中证A500指增,知行通达-中证A500指增,知行通达,知行通达金选汇智4号指数增强B[3],[3],False,False,True,2024-11-12,6.08,4.54,22.09,41.06,-,-,-,-,-,-,3.45,-6.91,-9.47,
7,量化选股,中证A500指增,product,九坤-中证A500,九坤-中证A500,九坤,九坤金选元兴中证A500指数增强20号B[1],[1],True,False,False,2025-08-01,5.17,3.70,20.22,-,-,-,-,-,-,-,3.20,-5.85,-5.85,product_line_not_found_for_manager_backfill
7,量化选股,中证A500指增,product,成长 正定-中证A500,正定-中证A500,正定,正定金选中证A500指数增强1号B[1],[1],True,False,False,2025-05-23,5.83,5.94,19.99,-,-,-,-,-,-,-,2.97,-4.99,-6.17,
7,量化选股,中证A500指增,product,顽岩-中证A500,顽岩-中证A500,顽岩,顽岩中证A500指数增强3号,,False,False,False,-,6.19,2.62,18.54,-,-,-,-,-,-,-,-,-,-7.63,
7,量化选股,中证A500指增,product,衍复-中证A500,衍复-中证A500,衍复,衍复金选中证A500指数增强一号B[1],[1],True,False,False,2025-07-04,4.97,2.86,18.02,-,-,-,-,-,-,-,2.94,-6.37,-6.37,
7,量化选股,中证A500指增,product,成长 茂源-中证A500指增,茂源-中证A500指增,茂源,茂源金选中证A500指数增强1号B[1],[1],True,False,False,2025-11-28,5.98,3.92,18.01,32.90,-,-,-,-,-,-,2.75,-6.46,-6.60,
8,量化选股,中证A500指增,product,成长 乾象-中证A500,乾象-中证A500,乾象,乾象金选指数增强进化2号1期[1],[1],True,False,False,2025-04-30,4.18,3.95,16.95,35.12,-,-,-,-,-,-,2.98,-6.57,-6.57,
8,量化选股,中证A500指增,product,宽德-中证A500,宽德-中证A500,宽德,宽德金选中证A500指数增强1号B[3],[3],False,False,True,2024-12-31,4.74,3.93,12.83,37.33,-,-,-,-,-,-,2.82,-6.55,-7.30,
8,量化选股,中证2000指增,product,成长 知行通达-中证2000,知行通达-中证2000,知行通达,知行通达汇智26号信选2000指数增强A,,False,False,False,-,7.46,5.59,29.37,-,-,-,-,-,-,-,-,-,-9.54,
8,量化选股,中证2000指增,product,成长 量派-中证2000指增,量派-中证2000指增,量派,量派金选中证2000指数增强24号B[1],[1],True,False,False,2025-10-24,5.79,3.95,24.47,63.83,-,-,-,-,-,-,2.75,-6.65,-13.86,
8,量化选股,中证2000指增,product,"成长 顽岩-中证2000,机器T0","顽岩-中证2000,机器T0",顽岩,顽岩金选中证2000指数增强1号B[1][3],[1];[3],True,False,True,2025-08-08,7.09,4.49,22.08,73.68,-,-,-,-,-,-,2.50,-11.14,-12.17,
8,量化选股,中证全指指增,product,衍复-中证全指指增,衍复-中证全指指增,衍复,衍复金选中证全指指数增强一号B,,False,False,False,2024-05-31,5.34,3.29,19.46,43.12,-,-,-,-,-,-,3.02,-7.54,-8.08,
8,量化选股,万得小市值,product,衍复-万得小市值(可追加申购),衍复-万得小市值(可追加申购),衍复,衍复金选小市值指数增强一号B,,False,False,False,2023-04-21,1.34,-1.67,6.74,68.26,27.13,-,-,-,-,-,2.05,-9.89,-27.93,
8,量化选股,万得小市值,product,宽德-万得小市值,宽德-万得小市值,宽德,宽德金选小市值指数增强1号B[1][3],[1];[3],True,False,True,2025-01-24,1.45,-1.29,1.49,69.03,36.81,-,-,-,-,-,1.75,-11.08,-29.26,
8,量化选股,红利增强,product,"成长 茂源-中证红利,红利增强","茂源-中证红利,红利增强",茂源,茂源量化中证红利指数增强1号,,False,False,False,-,-2.83,-3.42,5.77,16.99,6.68,2.09,-3.05,-,-,-,1.77,-6.05,-16.19,
8,量化选股,红利增强,product,"世纪前沿-红利,红利增强","世纪前沿-红利,红利增强",世纪前沿,世纪前沿金选中证红利优选1号B[1],[1],True,False,False,2025-09-05,-3.11,-1.98,5.42,14.99,-,-,-,-,-,-,1.52,-4.62,-10.80,
8,量化选股,红利增强,product,"成长 量派-红利,红利增强","量派-红利,红利增强",量派,量派专享五十一号,,False,False,False,-,-2.74,-2.21,3.63,-,-,-,-,-,-,-,-,-,-5.46,
8,量化选股,量化高仓位选股,product,成长 平方和,平方和,平方和,平方和鼎盛精选52号B[1],[1],True,False,False,2026-03-27,9.18,6.80,37.69,70.42,18.32,9.67,-9.30,27.13,34.75,30.77,3.09,-8.34,-24.09,
8,量化选股,量化高仓位选股,product,成长 正定,正定,正定,正定量化选股1号,,False,False,False,-,8.41,8.33,33.62,-,-,-,-,-,-,-,3.28,-5.90,-5.90,
8,量化选股,量化高仓位选股,product,诚奇,诚奇,诚奇,诚奇金选股票量化优选1号B[1],[1],True,False,False,2021-12-24,7.84,7.84,27.37,56.26,14.18,4.00,-5.95,-,-,-,3.05,-8.05,-26.13,
8,量化选股,量化高仓位选股,product,九坤,九坤,九坤,九坤金选股票量化优选1号,,False,False,False,2026-06-12,6.44,4.73,26.92,56.91,9.63,11.56,-6.20,-,-,-,3.07,-9.05,-30.31,
8,量化选股,量化高仓位选股,product,世纪前沿,世纪前沿,世纪前沿,世纪前沿金选股票量化优选1号[1],[1],True,False,False,2023-01-13,7.32,5.43,24.64,59.51,18.09,9.53,-,-,-,-,2.79,-9.64,-22.55,
9,量化选股,量化高仓位选股,product,顽岩,顽岩,顽岩,顽岩金选量化选股1号B[1],[1],True,False,False,2025-12-31,9.80,5.95,24.22,-,-,-,-,-,-,-,2.78,-9.96,-9.96,
9,量化选股,量化高仓位选股,product,成长 倍漾量化,倍漾量化,倍漾量化,倍漾金选股票量化优选1号B[1],[1],True,False,False,2025-02-21,6.47,3.57,20.46,66.21,14.41,-,-,-,-,-,2.59,-11.47,-27.57,
9,量化选股,量化高仓位选股,product,成长 致诚卓远,致诚卓远,致诚卓远,致远私享二号,,False,False,False,2022-02-17,5.57,2.87,10.92,40.81,11.17,5.01,-,-,-,-,1.79,-9.93,-26.03,
9,量化选股,量化高仓位选股,product,宽德,宽德,宽德,宽德金选股票量化优选1号B[1][3],[1];[3],True,False,True,2023-08-18,4.30,4.52,10.08,50.11,33.22,26.13,-,-,-,-,2.16,-7.06,-20.75,
9,量化选股,量化高仓位选股,product,成长 大道,大道,大道,大道金选量化选股1号B[1],[1],True,False,False,2025-06-20,2.96,0.47,7.99,55.38,22.59,14.70,-7.31,31.54,-,-,1.79,-11.34,-23.97,
9,量化选股,量化择时,product,成长 安子基金,安子基金,安子基金,安子金选量化择时1号B[1],[1],True,False,False,2025-05-30,12.40,10.23,29.11,55.46,36.87,-,-,-,-,-,2.10,-13.31,-39.86,
9,量化选股,量化择时,product,九坤,九坤,九坤,九坤金选策略精选S期[1][3],[1];[3],True,False,True,2020-07-03,3.13,2.23,13.12,17.07,1.08,8.32,-2.22,27.86,40.20,22.97,2.42,-3.58,-16.92,
9,量化选股,量化选股其他,product,世纪前沿-中证全指,世纪前沿-中证全指,世纪前沿,世纪前沿中证全指指数增强1号,,False,False,False,-,4.63,2.52,17.10,43.95,-,-,-,-,-,-,2.81,-6.94,-15.19,
10,债券主动投资,,index_or_benchmark,中债-新综合财富(总值)指数,中债-新综合财富(总值)指数,中债,,,False,False,False,-,0.14,0.05,1.91,0.65,7.60,4.77,3.30,5.09,2.97,4.59,0.28,-1.13,-3.52,
10,债券主动投资,短期纯债,product,中金公司-FI投顾团队-ABS,中金公司-FI投顾团队-ABS,中金公司,鑫粤鹏雅1号,,False,False,False,2021-06-01,3,-,-,-,-,-,-,-,-,-,-,-,-,
10,债券主动投资,短期纯债,product,成长 中金公司-宋林熹,中金公司-宋林熹,中金公司,中金鑫益1号,,False,False,False,2018-11-30,0.06,0.04,1.21,2.14,3.69,5.59,3.22,4.92,3.99,4.61,2.14,-0.18,-1.45,
10,债券主动投资,一级债基,product,泰康-张明,泰康-张明,泰康,泰康资产纯泰金选1号资产管理产品,,False,False,False,2024-11-22,0.64,0.08,3.08,1.73,12.60,6.58,-4.05,15.57,8.19,5.94,0.81,-1.21,-7.14,
10,债券主动投资,二级债基,product,乐瑞-王笑冬,乐瑞-王笑冬,乐瑞,乐瑞强债30号[1][3],[1];[3],True,False,True,2018-08-24,0.42,-0.41,2.64,10.69,13.40,1.92,-2.31,5.24,10.58,11.56,3.05,-1.13,-5.02,
10,债券主动投资,二级债基,product,成长 远信-赵巍华,远信-赵巍华,远信,中信资本债券收益增强型B,,False,False,False,2020-07-10,-0.38,-0.65,1.27,7.10,5.96,1.21,1.81,10.49,-,-,1.99,-1.29,-2.30,
10,债券主动投资,可转债,product,成长 兴聚-唐胜-全市场选股,兴聚-唐胜-全市场选股,兴聚,兴聚可转债金享B,,False,False,False,2023-10-20,0.50,-1.81,9.42,18.28,8.07,-,-,-,-,-,1.64,-10.64,-12.22,
10,债券主动投资,可转债,product,"成长 兴聚-王晓明,唐胜-全市场选股","兴聚-王晓明,唐胜-全市场选股",兴聚,兴聚投资可换股债券1号,,False,False,False,2019-02-22,0.03,-2.47,6.41,16.19,9.21,2.35,-3.33,56.10,60.42,-,1.36,-10.16,-14.05,
10,债券主动投资,可转债,product,睿郡-薛大威,睿郡-薛大威,睿郡,睿郡节节高22号B[1],[1],True,False,False,2023-12-29,1.11,-0.21,3.95,22.23,8.48,0.44,-6.09,29.11,-,-,1.71,-6.47,-19.22,
10,债券主动投资,可转债,product,成长 纽达-邬雄辉-高波动,纽达-邬雄辉-高波动,纽达,纽达可转债一号A类份额,,False,False,False,2025-02-28,0.47,0.15,3.35,22.01,4.63,10.26,-4.78,35.21,41.86,-,1.55,-6.44,-17.04,
10,债券主动投资,可转债,product,"成长 纽达-邬雄辉-标准波,ETF套利","纽达-邬雄辉-标准波,ETF套利",纽达,纽达善衡五号A类[1],[1],True,False,False,2023-03-03,0.04,-0.46,2.81,17.18,14.25,14.24,-,-,-,-,2.02,-3.47,-8.88,
10,债券主动投资,可转债,product,成长 盈峰-何伟鉴-不含股票,盈峰-何伟鉴-不含股票,盈峰,盈峰金选转债4号B,,False,False,False,2025-02-07,-0.25,-0.18,2.46,-,-,-,-,-,-,-,2.43,-2.52,-2.52,
10,债券主动投资,可转债,product,成长 盈峰-何伟鉴,盈峰-何伟鉴,盈峰,盈峰金选转债1号B[1],[1],True,False,False,2022-09-02,-0.46,-0.56,1.06,24.60,16.74,1.40,3.16,14.69,10.39,22.60,2.19,-2.74,-11.13,
10,债券主动投资,可转债,product,睿郡-杜昌勇,睿郡-杜昌勇,睿郡,睿郡节节高13号B[1],[1],True,False,False,2023-06-09,-1.44,-1.28,-1.83,15.68,2.46,-1.01,0.69,28.23,29.61,28.16,1.09,-5.16,-16.00,
11,债券主动投资-全球配置工具,,product,"摩根士丹利基金-全球,美元债,QDII","摩根士丹利基金-全球,美元债,QDII",摩根士丹利基金,摩根士丹利-海外固收多策略（QDII-FOF）,,False,False,False,2024-09-20,0.10,0.10,-2.12,-0.10,-,-,-,-,-,-,-2.16,-3.43,-3.52,product_line_not_found_for_manager_backfill
11,债券主动投资-全球配置工具,,product,"中金公司-林晨-发达市场-混合,美元 债,QDII","中金公司-林晨-发达市场-混合,美元债,QDII",中金公司,中金金选美元债1号QDII,,False,False,False,2025-07-02,0.00,-0.10,-2.64,-,-,-,-,-,-,-,-,-,-3.82,product_line_not_found_for_manager_backfill
12,市场中性,,product,成长 基金,安子基金,安子基金,安子金选量化对冲1号B[1],[1],True,False,False,2025-05-30,6.22,5.35,15.07,8.75,36.25,8.93,-,-,-,-,1.12,-7.35,-7.35,manager_label_filled_from_clean_text_line
12,市场中性,,product,成长 和-量化期货,平方和-量化期货,平方和,平方和衡盛5号B[1],[1],True,False,False,2026-04-03,2.09,1.67,9.79,22.09,29.34,7.97,4.45,-,7.33,11.77,2.44,-1.73,-7.54,manager_label_filled_from_clean_text_line
12,市场中性,,product,成长,顽岩,顽岩,顽岩星球金选量化对冲1号B[1],[1],True,False,False,2023-12-01,2.66,2.62,9.42,16.26,1.23,11.56,-,-,-,-,3.03,-1.19,-10.94,manager_label_filled_from_clean_text_line
12,市场中性,,product,,诚奇,诚奇,诚奇资产金选量化对冲1号B[1],[1],True,False,False,2021-03-05,1.27,1.90,7.98,9.01,4.00,6.18,4.37,11.38,29.24,-,2.54,-2.05,-6.16,manager_label_filled_from_clean_text_line
12,市场中性,,product,"通达-机器T0,高频中性,混合对成长","通达-机器T0,高频中性,混合对",通达,知行通达金选量化对冲稳达2号B,,False,False,False,2025-04-03,0.59,1.25,7.55,-,-,-,-,-,-,-,3.63,-0.70,-0.81,product_line_not_found_for_manager_backfill
12,市场中性,,product,成长 300对冲,量派-300对冲,量派,量派金选量化对冲7号B[1],[1],True,False,False,2021-11-19,0.11,0.22,6.68,3.90,7.03,11.69,0.27,-,-,-,1.94,-1.67,-4.81,manager_label_filled_from_clean_text_line
12,市场中性,,product,"通达-机器T0,1000对冲,高频中成长","通达-机器T0,1000对冲,高频中",通达,知行通达金选稳达8号,,False,False,False,2025-04-03,0.47,1.13,6.29,-,-,-,-,-,-,-,2.05,-1.88,-2.12,product_line_not_found_for_manager_backfill
12,市场中性,,product,前沿,世纪前沿,世纪前沿,世纪前沿金选专享量化对冲1号B[1],[1],True,False,False,2020-11-27,0.51,0.33,5.75,14.09,8.62,11.73,5.03,16.85,23.66,-,2.23,-1.83,-11.35,manager_label_filled_from_clean_text_line
12,市场中性,,product,,衍复,衍复,衍复金选量化对冲1号B[1][3],[1];[3],True,False,True,2020-09-04,0.66,0.63,5.71,5.54,9.83,13.36,11.17,0.71,-,-,1.40,-3.79,-7.98,manager_label_filled_from_clean_text_line
12,市场中性,,product,成长 通达-高频中性,知行通达-高频中性,知行通达,三亚知行通达稳达1号,,False,False,False,2025-03-28,0.65,0.89,5.22,4.38,9.98,1.52,-,-,-,-,2.30,-1.44,-4.23,manager_label_filled_from_clean_text_line
12,市场中性,,product,成长,佳期,佳期,佳期星际一期[1][3],[1];[3],True,False,True,-,0.72,0.92,5.13,13.47,0.97,3.55,7.95,13.40,10.67,-,3.65,-1.27,-8.06,manager_label_filled_from_clean_text_line
12,市场中性,,product,"成长 机器T0,非全复制","顽岩-机器T0,非全复制",顽岩,顽岩金选稳健1号,,False,False,False,2024-12-31,1.15,0.81,5.10,13.07,-,-,-,-,-,-,2.96,-1.24,-1.24,manager_label_filled_from_clean_text_line
12,市场中性,,product,成长 平凡私募,北京平凡私募,北京平凡私募,平凡悟鑫,,False,False,False,2016-07-15,0.03,0.30,4.75,5.12,8.46,3.47,5.78,4.20,12.45,17.64,1.44,-0.97,-4.00,manager_label_filled_from_clean_text_line
12,市场中性,,product,成长,丰衍,丰衍,丰衍财富与日聚金六期证券投资C[1][3],[1];[3],True,False,True,2023-09-15,0.21,0.56,4.35,5.51,11.04,3.65,3.55,6.79,9.74,5.48,8.94,-0.07,-1.29,manager_label_filled_from_clean_text_line
12,市场中性,,product,成长,乾象,乾象,乾象金选量化对冲8号B[1][3],[1];[3],True,False,True,2022-07-22,-0.65,0.39,4.13,5.27,4.77,12.46,13.13,-,-,-,0.34,-4.52,-10.77,manager_label_filled_from_clean_text_line
12,市场中性,,product,,金锝,金锝,金锝诚意精心12号[1][3],[1];[3],True,False,True,2026-01-09,-0.11,0.32,3.31,5.02,0.60,4.86,3.57,4.52,16.27,13.73,1.00,-2.08,-5.80,manager_label_filled_from_clean_text_line
12,市场中性,,product,,九坤,九坤,九坤金选量化对冲1号B[1][3],[1];[3],True,False,True,2026-06-05,0.01,0.02,3.24,9.20,-0.96,12.15,2.44,15.68,20.97,10.37,0.56,-3.54,-13.99,manager_label_filled_from_clean_text_line
12,市场中性,,product,成长,正定,正定,正定金选量化对冲1号B[1],[1],True,False,False,2025-03-21,0.57,1.13,2.51,6.79,-,-,-,-,-,-,0.70,-3.36,-3.90,manager_label_filled_from_clean_text_line
12,市场中性,,product,成长,大道,大道,大道金选量化对冲1号B[1],[1],True,False,False,2025-12-23,-0.19,0.25,0.58,5.61,8.52,9.31,1.83,9.60,21.49,11.99,-0.24,-4.20,-5.16,manager_label_filled_from_clean_text_line
13,市场中性,,product,成长 倍漾量化,倍漾量化,倍漾量化,倍漾金选量化对冲1号B[1],[1],True,False,False,2025-12-31,0.28,-0.53,0.58,12.11,7.12,23.61,-,-,-,-,1.12,-1.69,-10.08,
13,市场中性,,product,成长 茂源,茂源,茂源,凡二金选量化对冲1号B[1],[1],True,False,False,2021-10-01,0.41,-0.79,-0.06,4.46,7.65,14.04,-1.62,-,12.23,10.70,-0.06,-2.25,-10.29,
13,市场中性,,product,成长 量锐,量锐,量锐,量锐金选量化对冲1号[1],[1],True,False,False,2019-09-27,-1.16,-2.46,-1.71,3.21,4.09,7.36,-0.58,6.99,6.87,7.59,-0.93,-5.34,-7.14,
13,市场中性,,product,宽德-量化期货,宽德-量化期货,宽德,宽德金选量化对冲多策略1号B[1][3],[1];[3],True,False,True,2022-02-18,0.31,0.41,-2.30,10.19,10.19,17.34,7.45,-,-,-,-0.24,-3.66,-7.79,
13,市场中性,,product,宽德,宽德,宽德,珠海宽德九盈[1][3],[1];[3],True,False,True,2021-07-10,0.30,0.10,-3.35,9.19,10.72,16.68,10.39,7.89,5.16,15.57,-0.46,-4.82,-7.55,
13,多空策略,,product,衍复,衍复,衍复,衍复金选灵活对冲一号B[1][3],[1];[3],True,False,True,2021-03-19,1.06,1.01,8.23,6.50,9.53,12.73,10.60,7.84,-,-,2.39,-2.49,-7.53,
13,多空策略,,product,成长 因诺-量化期货,因诺-量化期货,因诺,因诺金选量化对冲1号B[1],[1],True,False,False,2020-12-31,0.36,-0.50,0.19,2.81,6.63,9.06,-0.56,9.30,21.55,22.97,-0.93,-6.73,-15.61,
14,管理期货,,index_or_benchmark,南华商品指数,南华商品指数,南华商品指数,,,False,False,False,-,-1.70,-5.23,7.66,5.40,-1.26,6.21,19.66,20.94,7.41,15.58,0.87,-10.27,-51.41,
14,管理期货,,product,黑翼-标准波,黑翼-标准波,黑翼,黑翼金选CTA1号[1][3],[1];[3],True,False,True,2025-10-31,1.79,1.98,6.68,10.56,11.38,6.86,6.10,6.99,26.32,16.09,2.98,-2.12,-9.41,
14,管理期货,,product,"成长 思晔-标准波,量化高仓位选股","思晔-标准波,量化高仓位选股",思晔,思晔金选CTA加1号B,,False,False,False,2021-11-19,4.64,2.99,4.06,18.35,10.50,-0.09,10.58,-,-,-,1.40,-7.23,-17.05,
14,管理期货,,product,成长 均成-标准波,均成-标准波,均成,横琴均成金选CTA稳健1号B[3],[3],False,False,True,2022-11-25,-2.27,-2.43,2.73,6.07,3.76,7.15,-,-,-,-,0.49,-4.45,-6.76,
14,管理期货,,product,"黑翼-标准波,股票市场中性","黑翼-标准波,股票市场中性",黑翼,黑翼金选多策略1号B[3],[3],False,False,True,2020-08-21,-0.54,-0.09,2.69,13.90,12.48,17.87,14.24,8.67,-,-,1.85,-2.57,-8.35,
14,管理期货,,product,成长 因诺-标准波,因诺-标准波,因诺,因诺金选CTA1号B[1][3],[1];[3],True,False,True,2025-08-08,3.10,-0.82,2.34,12.39,18.05,11.02,-,-,-,-,1.00,-10.20,-10.20,
14,管理期货,,product,成长 洛书-标准波,洛书-标准波,洛书,洛书金选稳健CTA1号B,,False,False,False,2021-12-17,-2.05,-2.93,0.97,29.87,16.41,-1.63,-2.67,-,-,-,1.68,-6.26,-26.35,
14,管理期货,,product,成长 会世-标准波,会世-标准波,会世,会世金选CTA1号B[1][3],[1];[3],True,False,True,2022-01-21,1.40,-0.51,-0.13,17.89,20.17,-1.45,7.25,9.05,30.16,-,1.07,-5.00,-16.43,
14,管理期货,,product,成长 宽立(上海)私募-标准波,宽立(上海)私募-标准波,宽立(上海)私募,宽立中国金选CTA一号B,,False,False,False,2025-09-05,-0.79,-0.67,-1.47,-,-,-,-,-,-,-,-,-,-4.29,
14,管理期货,,product,成长 象限-标准波,象限-标准波,象限,象限金选CTA1号[1],[1],True,False,False,2020-02-07,0.53,-0.89,-1.87,5.90,5.48,3.22,16.95,5.22,49.29,8.80,0.49,-7.37,-7.80,
14,管理期货,,product,元胜-标准波,元胜-标准波,元胜,元盛中国多元化一号,,False,False,False,2018-10-12,-0.73,-2.38,-3.26,6.25,9.06,-3.36,1.62,15.02,31.72,8.91,0.37,-7.62,-13.97,
14,管理期货,,product,"千象-标准波,股票市场中性","千象-标准波,股票市场中性",千象,千象金选CTA1号[1],[1],True,False,False,2020-01-17,0.77,0.32,-3.26,6.94,8.21,-2.28,7.71,5.62,31.49,5.65,-0.23,-4.95,-14.96,
14,管理期货,,product,"元胜-全球,标准波,QDLP","元胜-全球,标准波,QDLP",元胜,元盛全球势进一号[1],[1],True,False,False,2024-09-30,-,-,-,-2.35,8.24,2.55,17.95,8.17,6.09,7.37,-,-,-,
14,管理期货,,product,成长 细水资产-标准波,细水资产-标准波,细水资产,细水居金选CTA34号B,,False,False,False,2026-06-12,0.80,-,-,-,-,-,-,-,-,-,-,-,0.00,
15,多策略,,product,成长 黑翼-20%CTA+80%高仓位,黑翼-20%CTA+80%高仓位,黑翼,黑翼金选多策略量化选股加1号B[1],[1],True,False,False,2023-09-01,9.56,5.79,20.87,50.90,19.90,12.83,-,-,-,-,2.16,-10.42,-18.49,
15,多策略,,product,成长 黑翼-20%CTA+80%500指增,黑翼-20%CTA+80%500指增,黑翼,黑翼金选多策略指数加1号B[1],[1],True,False,False,2021-05-07,7.57,5.16,18.46,37.43,15.44,5.23,-2.28,18.04,-,-,2.28,-10.51,-21.24,
15,多策略,,product,黑翼-20%CTA+80%量化选股其他-成长 中证A500,黑翼-20%CTA+80%量化选股其他- 中证A500,黑翼,黑翼A500优选掘金1号,,False,False,False,-,6.25,4.78,16.95,37.03,-13.11,3.94,-1.78,-,-,-,2.57,-8.86,-20.16,product_line_not_found_for_manager_backfill
15,多策略,,product,宽德-20%CTA+80%500指增,宽德-20%CTA+80%500指增,宽德,宽德金选多策略指数加1号B[1][3],[1];[3],True,False,True,2022-02-25,6.24,4.87,12.64,45.66,27.40,11.14,-3.50,-,-,-,2.39,-8.45,-20.37,
15,多策略,,product,黑翼-50%CTA+50%500指增,黑翼-50%CTA+50%500指增,黑翼,黑翼金选多策略进取1号B[1][3],[1];[3],True,False,True,2021-07-02,2.43,2.06,8.26,29.12,19.87,7.58,4.75,17.32,58.05,-,2.33,-6.80,-10.93,
15,多策略,,product,成长 黑翼-20%CTA+80%市场中性,黑翼-20%CTA+80%市场中性,黑翼,黑翼金选CTA多策略1号B[1][3],[1];[3],True,False,True,2024-11-22,1.96,1.65,3.23,8.59,8.76,12.39,6.86,-,-,-,1.14,-2.14,-7.73,
15,宏观及商品策略III,,product,"英仕曼-AHL投研团队-全球,高波动, QDLP","英仕曼-AHL投研团队-全球,高波动, QDLP",英仕曼,英仕曼目标风险全球资产配置金选1期,,False,False,False,2025-01-24,-0.02,-0.07,7.12,-,-,-,-,-,-,-,1.36,-8.38,-14.49,product_line_not_found_for_manager_backfill
15,宏观及商品策略III,,product,"成长 旌安-裘强强-低波动,全市场选股","旌安-裘强强-低波动,全市场选股",旌安,旌安金选混合策略1号[1],[1],True,False,False,2021-01-29,-1.45,-1.50,6.05,8.38,7.50,4.52,6.04,17.50,51.84,23.50,1.21,-4.44,-7.05,
15,宏观及商品策略III,,product,成长 厚方-张家颖-标准波,厚方-张家颖-标准波,厚方,厚方金选三号B[1],[1],True,False,False,2025-04-18,0.83,0.60,5.58,9.31,14.96,-0.56,3.63,26.26,11.78,21.66,2.09,-1.47,-15.31,
15,宏观及商品策略III,,product,成长 钱唐永利-李金禄-标准波(100万起),钱唐永利-李金禄-标准波(100万起),钱唐永利,永利7号[3],[3],False,False,True,2022-01-14,-1.27,-0.20,-0.27,16.87,23.72,7.27,4.02,18.37,-,-,0.53,-4.95,-9.39,
15,宏观及商品策略III,,product,"成长 遂玖-胡克勤-标准波,全市场选股","遂玖-胡克勤-标准波,全市场选股",遂玖,遂玖金选CTA1号B[1],[1],True,False,False,2021-01-15,-2.58,-3.06,-2.03,22.76,23.03,-0.88,-3.29,23.34,47.57,20.28,1.50,-9.59,-10.69,
16,灵活配置型,,product,成长,佳期,佳期,佳期海洋二期[3],[3],False,False,True,2022-06-17,9.38,8.24,30.91,49.75,21.69,-1.24,-,-,-,-,3.20,-9.19,-24.71,manager_label_filled_from_clean_text_line
16,灵活配置型,,product,成长,黑翼,黑翼,黑翼策略精选2号,,False,False,False,-,-1.45,-0.87,0.99,27.81,19.13,10.16,0.93,17.12,40.23,-,1.82,-5.10,-13.63,manager_label_filled_from_clean_text_line
16,灵活配置型,,product,成长 郑劼,睿璞-郑劼,睿璞,睿璞投资-金选睿添B[1],[1],True,False,False,2024-05-31,-4.69,-3.06,-7.01,12.44,27.08,5.95,-,-,-,-,-0.06,-10.14,-10.14,manager_label_filled_from_clean_text_line
16,灵活配置型,,product,成长,思晔,思晔,思晔全天候1号,,False,False,False,-,-,-,-,-,0.00,-1.66,11.13,11.71,57.27,17.71,-,-,-,manager_label_filled_from_clean_text_line
16,全球配置工具,,product,成长 托-美国,托-美国,托,-,,False,False,False,-,-,-,-,-,-,-,-,-,-,-,-,-,-,
16,REITs,,product,司-FI投顾团队 郭睿,中金公司-FI投顾团队 郭睿,中金公司,厦门信托-中金瑞思宏利1号,,False,False,False,2024-12-27,-0.58,-0.68,1.38,18.23,-,-,-,-,-,-,-0.52,-4.98,-4.98,manager_label_filled_from_clean_text_line
16,REITs,,product,司-FI投顾团队尹舒蓬,中金公司-FI投顾团队尹舒蓬,中金公司,华鑫信托·瑞驰纯享1号,,False,False,False,2024-04-26,-1.07,-1.43,-0.92,11.84,-,-,-,-,-,-,-1.08,-6.12,-6.12,manager_label_filled_from_clean_text_line
